path,size_bytes,modified_time,sha256,sha512,error
I:\skn vp\hashing\accounts\urls.py,632,2025-09-02T02:23:21,467ea0a9ba3182644d2d352401161fab55a174cdd42505a8cfc28f129d6c7fce,895c88cd6d741d4799a10104e72d23aa86bfb1fbffff8cb095d184151592620bbfb731f022d3735ce9c3ec482613b71398f2c699d177518f69a76b73a0605f0e,
I:\skn vp\hashing\accounts\admin.py,1051,2025-09-14T20:34:26,1f0e1766c000847c7abfa86b0cf80b89b35d22f8933416e496d1d03db2a32db9,14ee3a73d291849935d9d1c1ee77e8a1bc217047b5fa19bcdc83934f6ca0a187c7e085ca00536550fdb57fa534b100c18c5ba4779c31812e85c0a23d182837a5,
I:\skn vp\hashing\accounts\__init__.py,0,2025-09-02T00:54:04,e3b0c44298fc1c149afbf4c8996fb92427ae41e4649b934ca495991b7852b855,cf83e1357eefb8bdf1542850d66d8007d620e4050b5715dc83f4a921d36ce9ce47d0d13c5d85f2b0ff8318d2877eec2f63b931bd47417a81a538327af927da3e,
I:\skn vp\hashing\accounts\views.py,7212,2025-09-14T20:34:27,077a14ff48ff1314bde6086241082dee76dc21da49ae861514af8be8f9669336,1da2dd6c6aceaaed1d7036d8a640f9007c88cc9431b0c9968a9f6b6f9e1008efbd0bc6f28fbce2aa1275dd4b6f126311c0264e8b2fa98e64d7ff2b80291a31cd,
I:\skn vp\hashing\accounts\migrations\0001_initial.py,952,2025-09-02T01:25:50,9f3dccd9cb865066054846f076230ea93ea54ba6152847bb384f4fcbbfb10ed1,acbb2408cd35a8c7da8ef7dda7d71a170c79f8c4f4fadf29c358fdbcf6d3b234c610b15711ab97796f64eee1b3284323685907e3b1c541d75c7f1c48239e8d30,
I:\skn vp\hashing\accounts\apps.py,154,2025-09-02T00:54:04,daa8d1019ba864cb1a62daec4483f407d6bfccd9266990d61b86fc7f50b71f27,26bdc61ecb93a2eb8ff38aebdbe58c808a507157bc469990284f10e3baf889cca527eb09b70578291f4b7387ee0f96ba92b0b36fbe9eb79b88b51d14cfb6c6f7,
I:\skn vp\hashing\hashing\settings.py,3568,2025-09-02T02:20:10,0555b754a489ba55b60a401bc9156eaf02eb9589d2d9327787254a55ade5118c,0a4445e8bb9bb52848488f79443c0d24dd686ace152872a01426ef9d87ff3836d823dfccb5bb9aa6ad051c8f6406782626c72b9974da2f23c48a329324d9f130,
I:\skn vp\hashing\accounts\models.py,685,2025-09-02T01:33:27,3f0cafae89e8520f6e8fa354b64e577bb5d40a21560faf34ac5e64012ffc2ac8,dabb446b8072ec291ead4dffe9e253082e5d25fc343703ad35cd02e125a08f2cafc48772cfece6efa71c154273cc9309fbbb196ee205f4ced0f9aa4ee9667da8,
I:\skn vp\hashing\hashing\asgi.py,407,2025-09-02T00:53:54,47ee4e7351d2deca043d6949cb1221ece0f43823851d5d122b4fc7ead873591e,2417824c12fb78e2b9f7b7fe3224e3158b3c315cebf282e3b8c62de8005900a56acd3e9b824b4ee2f6a58eeae68eca902ed877089f57750aeb6b3fb37c600d72,
I:\skn vp\hashing\manage.py,685,2025-09-02T00:53:54,9011f218929658e0468226e4af8b0cbf1fd38855f09f1c6c7ca4fda48c67af89,785d5c1be743cf76c74336d632800f9528573838d350b257693eb258877e426c2d8cfeabadaf78a7658f430b5f90d8c1728eeecdb35093e234f9508f7474e64e,
I:\skn vp\hashing\hashthis.csv,0,2025-09-14T21:00:25,e3b0c44298fc1c149afbf4c8996fb92427ae41e4649b934ca495991b7852b855,cf83e1357eefb8bdf1542850d66d8007d620e4050b5715dc83f4a921d36ce9ce47d0d13c5d85f2b0ff8318d2877eec2f63b931bd47417a81a538327af927da3e,
I:\skn vp\hashing\accounts\migrations\__init__.py,0,2025-09-02T00:54:05,e3b0c44298fc1c149afbf4c8996fb92427ae41e4649b934ca495991b7852b855,cf83e1357eefb8bdf1542850d66d8007d620e4050b5715dc83f4a921d36ce9ce47d0d13c5d85f2b0ff8318d2877eec2f63b931bd47417a81a538327af927da3e,
I:\skn vp\hashing\accounts\tests.py,63,2025-09-02T00:54:04,dae0da7efdcdb3a7fb572d5e914b60631099122d4a4727ac6434c016161c5fe1,2d5c38af5053776247e569f0668cb0d1ce43c67f8a68ff9d2c8f7e5c9e7046801a1b96d91bc430ba5b08117e79e245fd7a55bd3ef5576255a0a40cf3f4d2446b,
I:\skn vp\hashing\db.sqlite3,143360,2025-09-02T02:24:16,88b79703270f6501c824355ad81c8852e4188aee7674af47c7e40ef25ba36871,9b52d528cd4333ad1751c2f8eb0388de97929a3c64dd76972fe2e3862dab11c273888097b3f6616497dd9234e1fe9a5e12e2f44ba2ab561e02788af75cae1e47,
I:\skn vp\hashing\hashing\__init__.py,0,2025-09-02T00:53:54,e3b0c44298fc1c149afbf4c8996fb92427ae41e4649b934ca495991b7852b855,cf83e1357eefb8bdf1542850d66d8007d620e4050b5715dc83f4a921d36ce9ce47d0d13c5d85f2b0ff8318d2877eec2f63b931bd47417a81a538327af927da3e,
I:\skn vp\hashing\templates\accounts\accounts_table.html,1129,2025-09-02T01:49:15,f61f2c4bbf69cce2cb92a5d90bfa0e90e8a6dfe74c03548664403cf384f06337,763acec3f7030c1e2b3cbdc4a7b3154151eb0016933829eb75da69ee49fe78b562eb7e74c370919d61a147f3333082df1bfdf50a6328a70c6b455dd7a250d351,
I:\skn vp\hashing\hashing\wsgi.py,407,2025-09-02T00:53:54,540d3cf60bb9606211208740a87f8ef8266be3773007f875344417b741048fbf,826788f33844893e563177e3dbf821aa84919a6c852138eb11b784dbce071035261601e7c906a54453e12e3fde662367afe334a88776af73c902c76c07365939,
I:\skn vp\hashing\templates\accounts\forgot_password.html,1071,2025-09-14T20:34:27,ba47f2cf0769858e76314055a3610c8f2548a8e32d6aaef087b3d060541102cc,71cee7df179fc5f16fcb5a13a64bc3d055adee9db218980530e1bffb0e622f3642df200fee09aff66cbaf1879504752c96426bbb003008fcb7f517d34b6cfd8d,
I:\skn vp\hashing\hashing\urls.py,951,2025-09-14T20:34:24,6b01b9dc8691df1808ac2671f19ba7aed294a02a124ff1b88e4090c2c292954c,163f3a4934794fe62bef70f9b25c1ed424e0bb6fbfbf2180cb073e377f8e74f943ee1d22b6b2b0cff380ff58d02ac34f7b6be80f78e7519f8d90325c243c96b7,
I:\skn vp\hashing\templates\accounts\reset_password.html,1083,2025-09-14T20:34:27,8c432761683260ae1a7ba3e4a9fc4119135d59c465f1b741765ab296847bd82c,f2056954ba2aaaf31ab1b01e47874f1d4fb768a02bd44c3db24b1572ed08d31008b02bb5ce27a19a4f68765c4802bb6f92307034758fae90dd7233b9a2aa4879,
I:\skn vp\hashing\templates\accounts\login.html,1163,2025-09-14T20:34:27,c05a1e7fd638f6cff8211695b947f9b05bfc7a06dc34e710a1a42919bb8c8cf9,41e102d11fc67014c37d5d7ba41f80173bcb4f9cf17065be462adb9c29d6cf175cd0d4f3f224c057eb3a339f13bfaabc76e92c1365b4b30d1ad14006efbc8ff8,
I:\skn vp\hashing\templates\accounts\profile.html,469,2025-09-14T20:34:24,8f1413c3432649934de9f7baed1e6399292373f1f3bdd481228e7e4037b8ca3a,04fae80936d8691ee8fcbc398351cd1130768beddaed52a1dce5cebd84d705b0ff3231e3793fccd4bbc43ddde6f79b4f9ae0c8a84d3a3e78406461d92ab33c09,
I:\skn vp\hashing\templates\accounts\register.html,1222,2025-09-14T20:34:26,de3874f5828260d6929dfeb9587a73a794d52b8271b3af1be91af6597f2561d2,8f5df4774fc14231d217a325d97363221bba5ce5d51d9d944ab16e778ce562c3bb332b9f5558df011517643cfc3694eefbe0c88e22ec319dbcb31cb42aff3ae2,
